Sales,Sales
Orders,Orders
Invoices,Invoices
Tax,Tax
Manage Tax Rules,Manage Tax Rules
Manage Tax Rates,Manage Tax Rates
Import / Export Tax Rates,Import / Export Tax Rates
Customer Tax Classes,Customer Tax Classes
Product Tax Classes,Product Tax Classes
Configuration,Configuration
Catalog,Catalog
Manage Products,Manage Products
Manage Categories,Manage Categories
Attributes,Attributes
Manage Attributes,Manage Attributes
Manage Attribute Sets,Manage Attribute Sets
Reviews &amp; Ratings,Reviews &amp; Ratings
Customer Reviews,Customer Reviews
Pending Reviews,Pending Reviews
All Reviews,All Reviews
Manage Ratings,Manage Ratings
Tags,Tags
Pending Tags,Pending Tags
All Tags,All Tags
Customers' Tags,Customers' Tags
Products' Tags,Products' Tags
Search,Search
Datafeeds,Datafeeds
Dashboard,Dashboard
Customers,Customers
Manage Customers,Manage Customers
Customer Groups,Customer Groups
Online Customers,Online Customers
Promotions,Promotions
Catalog Price Rules,Catalog Price Rules
Shopping Cart Price Rules,Shopping Cart Price Rules
CMS,CMS
Manage Pages,Manage Pages
Static Blocks,Static Blocks
Poll Manager,Poll Manager
Newsletter,Newsletter
Newsletter Templates,Newsletter Templates
Subscribers,Subscribers
Newsletter Queue,Newsletter Queue
Newsletter Problem Reports,Newsletter Problem Reports
Reports,Reports
Sales Report,Sales Report
Shopping Cart Report,Shopping Cart Report
Products,Products
Products Report,Products Report
Coupons Reports,Coupons Reports
Wishlist Report,Wishlist Report
Reviews Report,Reviews Report
Customers Reviews,Customers Reviews
Products Reviews,Products Reviews
Tags Report,Tags Report
Products (Total),Products (Total)
Popular,Popular
Search Report,Search Report
Best Customers,Best Customers
Recent Orders,Recent Orders
Order Totals,Order Totals
System,System
My Account,My Account
Tools,Tools
Backups,Backups
Manage Currency,Manage Currency
Transactional Emails,Transactional Emails
Permissions,Permissions
Users,Users
Roles,Roles
Invoice Information,Invoice Information
Store Name,Store Name
Create Backup,Create Backup
Title,Title
Add New User,Add New User
Unknown,Unknown
View Order,View Order
Number of Unique Tags,Number of Unique Tags
State/Province,State/Province
No Newsletter Found,No Newsletter Found
Session Start Time,Session Start Time
Edit Queue,Edit Queue
Edit Review '%s',Edit Review '%s'
Comparable,Comparable
Number of Reviews,Number of Reviews
Block Title,Block Title
Add New,Add New
Add New Image,Add New Image
Unable to find a user to delete,Unable to find a user to delete
Related Products,Related Products
Items in Cart,Items in Cart
This user no longer exists,This user no longer exists
Shipping Method,Shipping Method
Signed Up From,Signed Up From
Cancel Order,Cancel Order
Can be used only with catalog input type Dropdown,Can be used only with catalog input type Dropdown
Error while deleting this rate. Please try again later.,Error while deleting this rate. Please try again later.
Save Account,Save Account
Shopcart Products,Shopcart Products
Addresses,Addresses
Number Purchased,Number Purchased
Rule Name,Rule Name
You cannot delete this attribute,You cannot delete this attribute
List only,List only
Last Modified,Last Modified
Reset Filter,Reset Filter
Please make sure that all global admin search modules are installed and activated.,Please make sure that all global admin search modules are installed and activated.
Global,Global
New Address,New Address
Delete Category,Delete Category
Tag,Tag
Are you sure you want to delete this attribute set?,Are you sure you want to delete this attribute set?
Physical Products,Physical Products
Created at,Created at
User Roles Information,User Roles Information
Currency Information,Currency Information
Carts,Carts
Attribute Label,Attribute Label
Credit Memo Information,Credit Memo Information
Error Code,Error Code
Product attribute was successfully saved,Product attribute was successfully saved
Tag Detail,Tag Detail
State,State
Website was successfully saved,Website was successfully saved
Delete Address,Delete Address
"Error while deleting this tax class. Please, try again later.","Error while deleting this tax class. Please, try again later."
Unique Value (not shared with other products),Unique Value (not shared with other products)
The invoice you are trying to create credit memo for no longer exists,The invoice you are trying to create credit memo for no longer exists
Edit Tag '%s',Edit Tag '%s'
Rating Options,Rating Options
Add Attribute,Add Attribute
Error while saving this group. Please try again later.,Error while saving this group. Please try again later.
Summary of review,Summary of review
Cancel,Cancel
HTML,HTML
New Invoice for Order #%s,New Invoice for Order #%s
Add Tier,Add Tier
Role Resources,Role Resources
Edit Tax Rule,Edit Tax Rule
Qty Backordered,Qty Backordered
Subscribed to Newsletter?,Subscribed to Newsletter?
Categories,Categories
Up-sells,Up-sells
Add New Attribute,Add New Attribute
Tax Amount,Tax Amount
Stop further rules processing,Stop further rules processing
Parent Category,Parent Category
New Block,New Block
This account is,This account is
Unable to get product id.,Unable to get product id.
Add Selected Product to Order,Add Selected Product to Order
Language,Language
Products Report (Total),Products Report (Total)
Default config,Default config
Page Status,Page Status
Order #,Order #
Save Block,Save Block
View Products,View Products
Last Name,Last Name
Backend Table,Backend Table
Back,Back
Customer with the same email already exists.,Customer with the same email already exists.
ZIP/Postal Code,ZIP/Postal Code
Visitors Only,Visitors Only
New Group,New Group
Date Added,Date Added
Home,Home
Attrib. Set Name,Attrib. Set Name
Zip/Post Code,Zip/Post Code
No Templates Found,No Templates Found
Role Info,Role Info
Edit Poll '%s',Edit Poll '%s'
New Customer,New Customer
Group,Group
Poll Question,Poll Question
"Error while saving account. Please, try again later","Error while saving account. Please, try again later"
Add New Poll,Add New Poll
"Duplicate Row #%s (Country ""%s"", Region/State ""%s"", Zip ""%s"" and Value ""%s"")","Duplicate Row #%s (Country ""%s"", Region/State ""%s"", Zip ""%s"" and Value ""%s"")"
Header Text,Header Text
Invalid file upload attempt,Invalid file upload attempt
The order you are trying to create invoice for no longer exists,The order you are trying to create invoice for no longer exists
Shipped to Last Name,Shipped to Last Name
Votes Count,Votes Count
Edit User,Edit User
Add New Tax Rate,Add New Tax Rate
Status,Status
Edit Poll Answer,Edit Poll Answer
This user already added to the role.,This user already added to the role.
Save Attribute,Save Attribute
User ID,User ID
Do you really want to cancel the queue?,Do you really want to cancel the queue?
Save Rate,Save Rate
Queue Start,Queue Start
Cross-sells,Cross-sells
Delete Rating,Delete Rating
Import Rates From www.webservicex.net,Import Rates From www.webservicex.net
Rule was successfully saved,Rule was successfully saved
Required,Required
N/A,N/A
Continue,Continue
Grid only,Grid only
View Invoice,View Invoice
Use default,Use default
Category move error,Category move error
Time,Time
Set Root Category For Store,Set Root Category For Store
Backend Table Title,Backend Table Title
Product Information,Product Information
New Website,New Website
Tax Rate,Tax Rate
Text,Text
Input Validation for Store Owner,Input Validation for Store Owner
Revenue,Revenue
No records found.,No records found.
Save Website,Save Website
Last Activity,Last Activity
Included Product Categories,Included Product Categories
Error while saving this tax class. Class with the same name already exists.,Error while saving this tax class. Class with the same name already exists.
Name In Store,Name In Store
"Error while deleting this tax rule. Please, try again later.","Error while deleting this tax rule. Please, try again later."
User was successfully deleted,User was successfully deleted
New Currency,New Currency
Add New Review,Add New Review
Store Code,Store Code
View Customers,View Customers
Number of Total Tags,Number of Total Tags
Role successfully saved.,Role successfully saved.
Delete Block,Delete Block
Subscriber,Subscriber
Customer Since,Customer Since
Password Management,Password Management
Global Attribute,Global Attribute
Delete Attribute Set,Delete Attribute Set
Rating Name,Rating Name
Paused,Paused
Product ID,Product ID
Add Product,Add Product
Poll was successfully deleted,Poll was successfully deleted
Uses per coupon,Uses per coupon
Format,Format
Configuration successfully saved,Configuration successfully saved
Coupon Code,Coupon Code
No Items Found,No Items Found
Checkout Price Rule,Checkout Price Rule
Use In Layered Navigation,Use In Layered Navigation
Invalid Table Rates File Format,Invalid Table Rates File Format
Website Code,Website Code
Save Tag,Save Tag
Tag Name,Tag Name
Manage Currencies,Manage Currencies
Credit Memo was not saved,Credit Memo was not saved
Product Tax Class Information,Product Tax Class Information
new customer,new customer
Unable to find an attribute to delete,Unable to find an attribute to delete
Delete Selected Group,Delete Selected Group
Delete Rule,Delete Rule
For matching items only,For matching items only
Url,Url
Customer Group was successfully saved,Customer Group was successfully saved
Delete Review,Delete Review
Maximum Qty Discount is Applied to,Maximum Qty Discount is Applied to
Grid (default) / List,Grid (default) / List
Manage Product Attributes,Manage Product Attributes
New System Template,New System Template
Website Name,Website Name
Edit Block,Edit Block
View,View
Delete Customer,Delete Customer
"Please, select Product Tax Class","Please, select Product Tax Class"
Search was successfully deleted,Search was successfully deleted
Save Newsletter,Save Newsletter
Letters,Letters
Synonym for,Synonym for
Conditions,Conditions
or,or
%s Tax Classes,%s Tax Classes
Attribute Identifier<br/>(For internal use. Must be unique with no spaces),Attribute Identifier<br/>(For internal use. Must be unique with no spaces)
Convert to Plain Text,Convert to Plain Text
Apply,Apply
Apply Rules,Apply Rules
Save Search,Save Search
Synonym For,Synonym For
Review was saved successfully,Review was saved successfully
Delete Selected Problems,Delete Selected Problems
"Invalid Country ""%s"" in the Row #%s","Invalid Country ""%s"" in the Row #%s"
You cannot delete account of yourself,You cannot delete account of yourself
From Date,From Date
Number Of Reviews,Number Of Reviews
Manage Label / Options,Manage Label / Options
Not Sent,Not Sent
Discount amount,Discount amount
"Error while adding a group. Please, try again later.","Error while adding a group. Please, try again later."
Resume,Resume
Redirect URL,Redirect URL
Invoice was charged succesfully,Invoice was charged succesfully
Sort order,Sort order
Delete Store,Delete Store
Doc Number,Doc Number
Edit Answer '%s',Edit Answer '%s'
All types,All types
Subtotal,Subtotal
Coupon code,Coupon code
User Information,User Information
Add new Role,Add new Role
# of Use,# of Use
New Customer Group,New Customer Group
For all types of checkout,For all types of checkout
New Newsletter Template,New Newsletter Template
User Info,User Info
Edit Tag,Edit Tag
Error while saving this rate. Please try again later.,Error while saving this rate. Please try again later.
Customer Group was successfully deleted,Customer Group was successfully deleted
New Customer Tax Class,New Customer Tax Class
Block was successfully saved,Block was successfully saved
Online,Online
Queue Finish,Queue Finish
Class Name,Class Name
Stores,Stores
Role ID,Role ID
Rate With %s,Rate With %s
Poll information,Poll information
Poducts Report,Poducts Report
Edit Search,Edit Search
Last date subscribed,Last date subscribed
Add,Add
Datetime,Datetime
Default Qty,Default Qty
Are you sure you want to cancel this order?,Are you sure you want to cancel this order?
Edit Poll,Edit Poll
Category deleted,Category deleted
Qty To Add,Qty To Add
Backend Model,Backend Model
User was successfully saved,User was successfully saved
Create Product Settings,Create Product Settings
From,From
Newsletter Information,Newsletter Information
Select Configurable Attributes ,Select Configurable Attributes 
Attribute Information,Attribute Information
Store Information,Store Information
n/a,n/a
Edit Website,Edit Website
Edit Set Name,Edit Set Name
Tax rate was successfully saved,Tax rate was successfully saved
Billing Address,Billing Address
Rules were successfully applied,Rules were successfully applied
This search no longer exists,This search no longer exists
This attribute shares the same value in all the stores,This attribute shares the same value in all the stores
Data Type for Saving in Database,Data Type for Saving in Database
Tag was successfully saved,Tag was successfully saved
Use advanced conditions,Use advanced conditions
Save,Save
Type,Type
Purchased at,Purchased at
Enable,Enable
Recipients,Recipients
Permission,Permission
Promo,Promo
Class Details,Class Details
Category saved,Category saved
Name In %s,Name In %s
Zip/Postal Code,Zip/Postal Code
Empty,Empty
Product Name,Product Name
NOT LOGGED IN,NOT LOGGED IN
Role successfully deleted.,Role successfully deleted.
Edit Search '%s',Edit Search '%s'
Tax rule was successfully deleted,Tax rule was successfully deleted
None,None
Per Order,Per Order
Number Added,Number Added
For shipment with matching items,For shipment with matching items
Tax rates file has been successfully imported,Tax rates file has been successfully imported
Ship to First name,Ship to First name
New Search,New Search
Edit Rule,Edit Rule
Letters(a-z) or Numbers(0-9),Letters(a-z) or Numbers(0-9)
Visible on Catalog Pages on Front-end,Visible on Catalog Pages on Front-end
Edit User '%s',Edit User '%s'
Rule Information,Rule Information
CSV,CSV
Submit Order,Submit Order
Options,Options
Edit Customer Group,Edit Customer Group
Delete,Delete
Error while saving this group. Group with the same name already exists.,Error while saving this group. Group with the same name already exists.
Last date unsubscribed,Last date unsubscribed
Text Area,Text Area
Queue Newsletter,Queue Newsletter
Bought From,Bought From
Visitor,Visitor
New Product Attribute,New Product Attribute
Currency,Currency
Error while deleting this set.,Error while deleting this set.
Please select a product,Please select a product
User Role,User Role
Assigned Role,Assigned Role
Date Created,Date Created
SKU,SKU
Conditions and Actions,Conditions and Actions
Pause,Pause
Review,Review
Integer Number,Integer Number
Option Label,Option Label
Recently Compared,Recently Compared
Start,Start
Rates,Rates
Bundle,Bundle
Save Answer,Save Answer
Number of Uses,Number of Uses
Delete Rate,Delete Rate
Shopping Cart,Shopping Cart
Save Customer,Save Customer
Apply To,Apply To
Website,Website
Template Subject,Template Subject
Preview Template,Preview Template
Attribute Properties,Attribute Properties
Customer was successfully saved,Customer was successfully saved
Create Credit Memo,Create Credit Memo
Order #%s,Order #%s
Shipping Address,Shipping Address
Attribute Identifier,Attribute Identifier
Globally Editable,Globally Editable
Category Data,Category Data
Customer Tax Class Information,Customer Tax Class Information
Selected subscribers were successfully added to the selected queue,Selected subscribers were successfully added to the selected queue
Date,Date
Nickname,Nickname
Customers Tagged Product,Customers Tagged Product
Product Rating,Product Rating
Edit %s Tax Class Title,Edit %s Tax Class Title
Customer Groups,Customer Groups
Text Field,Text Field
Enabled,Enabled
All,All
Integer,Integer
Bill to Last name,Bill to Last name
Backup,Backup
Dropdown,Dropdown
New Store,New Store
Product Tags (Total),Product Tags (Total)
Toggle Editor,Toggle Editor
Code,Code
Search Information,Search Information
Option Title,Option Title
ZIP/Post Code,ZIP/Post Code
Tax class was successfully saved,Tax class was successfully saved
Name<br/>(For internal use),Name<br/>(For internal use)
Qty,Qty
Rating Title,Rating Title
Advanced Conditions,Advanced Conditions
Tax Class,Tax Class
Keywords,Keywords
New Rule,New Rule
Fixed amount discount,Fixed amount discount
Redirect,Redirect
You cannot edit this attribute,You cannot edit this attribute
Unsubcribed,Unsubcribed
Edit Invoice #%s,Edit Invoice #%s
Add Group,Add Group
DB,DB
Tier Pricing,Tier Pricing
New Email Template,New Email Template
Results,Results
First Name,First Name
Save Poll,Save Poll
Product Attribute Sets,Product Attribute Sets
Save Category,Save Category
Customer Information,Customer Information
Create New Order,Create New Order
"Invalid Region/State ""%s"" in the Row #%s","Invalid Region/State ""%s"" in the Row #%s"
This invoice no longer exists,This invoice no longer exists
Create New Credit Memo,Create New Credit Memo
New Customer Groups,New Customer Groups
Bought from wishlists,Bought from wishlists
Products Tagged with '%s',Products Tagged with '%s'
Edit Role,Edit Role
Edit Order,Edit Order
Edit Rating,Edit Rating
Add New Block,Add New Block
New Credit Memo for Invoice #,New Credit Memo for Invoice #
Name,Name
Not activated,Not activated
Invalid request,Invalid request
Exclude multi-address checkout,Exclude multi-address checkout
Add New Attribute Set,Add New Attribute Set
Delete Invoice,Delete Invoice
Wrong column format,Wrong column format
Edit Order #%s,Edit Order #%s
Review was successfully saved,Review was successfully saved
All Stores,All Stores
Summary of Review,Summary of Review
Date Posted,Date Posted
Qty Shipped,Qty Shipped
Save config,Save config
Invoice was successfully charged,Invoice was successfully charged
Actions,Actions
Export,Export
Please select State,Please select State
All countries,All countries
Selected problems successfully deleted,Selected problems successfully deleted
Save Store,Save Store
Percent of product price discount,Percent of product price discount
Save Page,Save Page
Error while saving this tax class. Please try again later.,Error while saving this tax class. Please try again later.
Customers Only,Customers Only
Catalog Price Rule,Catalog Price Rule
Customer doesn't have primary billing address,Customer doesn't have primary billing address
Virtual Products,Virtual Products
Add New Answer,Add New Answer
Unable to find a poll to delete,Unable to find a poll to delete
All tags,All tags
%s Tax Classes Title,%s Tax Classes Title
Product name,Product name
(Will make search for the query above return results for this search.),(Will make search for the query above return results for this search.)
Subcribed,Subcribed
Edit Group,Edit Group
Number Viewed,Number Viewed
Rating Information,Rating Information
Bill to First name,Bill to First name
Attribute set successfully saved.,Attribute set successfully saved.
Attribute Model,Attribute Model
Error while saving this tax rule. Please try again later.,Error while saving this tax rule. Please try again later.
Attribute with the same code already exists,Attribute with the same code already exists
Qty Returned,Qty Returned
Delete Template,Delete Template
Add Answer,Add Answer
Add New Tag,Add New Tag
Save Review,Save Review
Answer was successfully saved,Answer was successfully saved
Delete Search,Delete Search
New Poll,New Poll
"Please, select Rate","Please, select Rate"
Save Role,Save Role
All rates were imported,All rates were imported
Reviews,Reviews
Edit Invoice,Edit Invoice
Multiple Select,Multiple Select
Visible,Visible
Rating,Rating
Template Name,Template Name
Product Type,Product Type
Please select a customer,Please select a customer
Tax rate was successfully deleted,Tax rate was successfully deleted
Free ground shipping,Free ground shipping
Default price,Default price
Disabled,Disabled
No description,No description
Delete Tag,Delete Tag
Product saved,Product saved
Please select a store,Please select a store
This rule no longer exists,This rule no longer exists
This rule no longer exists,This rule no longer exists
Ratings,Ratings
Save Currency,Save Currency
Ship to Last name,Ship to Last name
Add New Search,Add New Search
Delete Poll,Delete Poll
Priority,Priority
Product Reviews,Product Reviews
Invoice was not charged,Invoice was not charged
Sent,Sent
Assigned Options,Assigned Options
Tax rule was successfully saved,Tax rule was successfully saved
IP Address,IP Address
Settings,Settings
Queue Subject,Queue Subject
Add New Category,Add New Category
Inactive,Inactive
Add New Customer,Add New Customer
Apply To Configurable/Grouped Product,Apply To Configurable/Grouped Product
Use In Layered Navigation<br/>(Can be used only with catalog input type 'Dropdown'),Use In Layered Navigation<br/>(Can be used only with catalog input type 'Dropdown')
Customer was deleted,Customer was deleted
Please fill in 'email' field.,Please fill in 'email' field.
Qty Cancelled,Qty Cancelled
Sending,Sending
Searchable on Front-end,Searchable on Front-end
Duplicate,Duplicate
Wrong tab configuration,Wrong tab configuration
Add New Page,Add New Page
"Edit ""%s""","Edit ""%s"""
Submit Invoice,Submit Invoice
Product duplicated,Product duplicated
Delete Role,Delete Role
Identifier,Identifier
Poll Answers,Poll Answers
Wishlists,Wishlists
Last Url,Last Url
Edit Block '%s',Edit Block '%s'
Tax Rule Information,Tax Rule Information
Edit Class Details,Edit Class Details
Rule was successfully deleted,Rule was successfully deleted
Attribute Set,Attribute Set
Customer View,Customer View
Sender Email,Sender Email
Products Tags,Products Tags
HTTP (unsecure),HTTP (unsecure)
Add Option,Add Option
Shipping Price,Shipping Price
Edit Website '%s',Edit Website '%s'
Create New Customer,Create New Customer
Edit Newsletter,Edit Newsletter
# of Uses,# of Uses
Number of times deleted,Number of times deleted
Newsletter Finish,Newsletter Finish
Closed,Closed
Edit Page '%s',Edit Page '%s'
Product deleted,Product deleted
Preview,Preview
Save Attribute Set,Save Attribute Set
Store was successfully saved,Store was successfully saved
You have not enought permissions to login.,You have not enought permissions to login.
Product Attributes,Product Attributes
Return Html Version,Return Html Version
Save Order,Save Order
There are no items in customer's shopping cart at the moment,There are no items in customer's shopping cart at the moment
Group Information,Group Information
User Name,User Name
New Password,New Password
Average rating,Average rating
New User,New User
Active,Active
You can not delete self assigned roles.,You can not delete self assigned roles.
Invoice was successfully saved,Invoice was successfully saved
Qty Ordered,Qty Ordered
XML,XML
Send auto-generated password,Send auto-generated password
Order Information,Order Information
List (default) / Grid,List (default) / Grid
Newsletter Received,Newsletter Received
Queue Date Start,Queue Date Start
SEF URL Identifier,SEF URL Identifier
Product SKU,Product SKU
Grand Total,Grand Total
Selected problem subscribers successfully unsubscribed,Selected problem subscribers successfully unsubscribed
Category Products,Category Products
Action,Action
Role Users,Role Users
Date Closed,Date Closed
Are you sure? This order will be cancelled and a new one will be created instead,Are you sure? This order will be cancelled and a new one will be created instead
Sender Name,Sender Name
Approved,Approved
Save and Apply,Save and Apply
Product Tax Class,Product Tax Class
Block was succesfully deleted,Block was succesfully deleted
Products Report (Total),Products Report (Total)
Open,Open
Any,Any
Edit Store,Edit Store
Added,Added
Configurable Product Settings,Configurable Product Settings
Content,Content
Role Name,Role Name
Select All,Select All
in,in
Are you sure you want to take this action?,Are you sure you want to take this action?
Role Information,Role Information
Options Control,Options Control
Meta Keywords,Meta Keywords
Please select products to add,Please select products to add
Sender,Sender
Product,Product
Tax Rules,Tax Rules
Newsletter Start,Newsletter Start
Unable to find a block to delete,Unable to find a block to delete
New Tax Rate,New Tax Rate
Rating was successfully deleted,Rating was successfully deleted
Error during import: %s,Error during import: %s
Delete Answer,Delete Answer
Edit Customer Groups,Edit Customer Groups
"Please, select County","Please, select County"
Customer Tags,Customer Tags
(eg: domain.com/identifier),(eg: domain.com/identifier)
No search modules registered,No search modules registered
New Product Tax Class,New Product Tax Class
Save Rule,Save Rule
Edit Sorting,Edit Sorting
The block you are trying to save no longer exists,The block you are trying to save no longer exists
Customers Report,Customers Report
Download,Download
Detail,Detail
Created On,Created On
Category delete error,Category delete error
Review successfully deleted,Review successfully deleted
Root,Root
ID,ID
Number of Responses,Number of Responses
Meta Description,Meta Description
Source Model,Source Model
Unselect All Stores,Unselect All Stores
Add New Group,Add New Group
Summary Rating,Summary Rating
Rate,Rate
Yes,Yes
Search Query,Search Query
Template Information,Template Information
Date Start,Date Start
Total,Total
Price,Price
Filterable (no results),Filterable (no results)
Date Expire,Date Expire
Number Fulfilled,Number Fulfilled
New Category,New Category
Save Rating,Save Rating
Delete Option,Delete Option
Save Invoice,Save Invoice
Unable to apply rules,Unable to apply rules
New Tag,New Tag
User Email,User Email
Based On,Based On
Edit Customer's Address,Edit Customer's Address
New Order,New Order
Group Name,Group Name
Tax Rate Information,Tax Rate Information
Queue Information,Queue Information
Guest,Guest
Varchar,Varchar
Number of results<br/>(For last time placed),Number of results<br/>(For last time placed)
Add New Customer Group,Add New Customer Group
Product attribute was successfully deleted,Product attribute was successfully deleted
Unable to find answer to delete.,Unable to find answer to delete.
Unable to find a tag to delete,Unable to find a tag to delete
Meta Data,Meta Data
Save User,Save User
Template Type,Template Type
"Invalid %s ""%s"" in the Row #%s","Invalid %s ""%s"" in the Row #%s"
Reset,Reset
Hits,Hits
Page was successfully deleted,Page was successfully deleted
Page Title,Page Title
User with the same User Name or Email aleady exists,User with the same User Name or Email aleady exists
Customers Tagged '%s',Customers Tagged '%s'
Region/State,Region/State
Values Required,Values Required
This order no longer exists,This order no longer exists
Account status,Account status
Product Tags,Product Tags
Item Status,Item Status
Interface Language,Interface Language
Cancelled,Cancelled
Position,Position
Items Ordered,Items Ordered
Rating was successfully saved,Rating was successfully saved
New Product,New Product
Purchase On,Purchase On
Fiterable (with results),Fiterable (with results)
Password,Password
Shipped to First Name,Shipped to First Name
Catalog Input Type for Store Owner,Catalog Input Type for Store Owner
Decimal Number,Decimal Number
Wishlist,Wishlist
Create New Invoice,Create New Invoice
Credit Memo was saved succesfully,Credit Memo was saved succesfully
Tax Rates,Tax Rates
Submit Credit Memo,Submit Credit Memo
Unable to find a page to delete,Unable to find a page to delete
Purchased from (store),Purchased from (store)
Added From,Added From
Payment Method,Payment Method
Poll was successfully saved,Poll was successfully saved
New Rating,New Rating
Delete Tier,Delete Tier
Telephone,Telephone
New Page,New Page
Error Text,Error Text
Edit Rule '%s',Edit Rule '%s'
Page Information,Page Information
Delete Page,Delete Page
There are no items in customer's wishlist at the moment,There are no items in customer's wishlist at the moment
This attribute no longer exists,This attribute no longer exists
CMS Pages,CMS Pages
Attribute set was successfully removed.,Attribute set was successfully removed.
You successfully logged out.,You successfully logged out.
Total Tags,Total Tags
Visibility,Visibility
Edit Template,Edit Template
Frontend Properties,Frontend Properties
Pending,Pending
Error while deleting a group. Please try again later.,Error while deleting a group. Please try again later.
Use website,Use website
No problems found,No problems found
Edit Store '%s',Edit Store '%s'
Delete Customer Group,Delete Customer Group
CMS Blocks,CMS Blocks
Popular Tags,Popular Tags
Edit Page,Edit Page
Edit Tax Rate,Edit Tax Rate
Set Name,Set Name
Tax class,Tax class
Add New Rule,Add New Rule
Uses per customer,Uses per customer
HTTPS (SSL),HTTPS (SSL)
Template Content,Template Content
Order was not cancelled,Order was not cancelled
Invoice #%s,Invoice #%s
Comparable on Front-end,Comparable on Front-end
Save Template,Save Template
Newsletter Subscription,Newsletter Subscription
Delete User,Delete User
"Invalid Shipping Price ""%s"" in the Row #%s","Invalid Shipping Price ""%s"" in the Row #%s"
Customers Tags,Customers Tags
Image,Image
Subscribers From,Subscribers From
Account Information,Account Information
Order status was successfully changed,Order status was successfully changed
New Set Name,New Set Name
Create Order,Create Order
Invoice was not saved,Invoice was not saved
Invoice was updated succesfully,Invoice was updated succesfully
Invoice #,Invoice #
Static,Static
Date Updated,Date Updated
Tag use,Tag use
Order was successfully cancelled,Order was successfully cancelled
Message,Message
Subject,Subject
Save Customer Group,Save Customer Group
This page no longer exists,This page no longer exists
Search was successfully saved,Search was successfully saved
Rating information,Rating information
Answer Title,Answer Title
Order #%s (%s),Order #%s (%s)
No,No
Edit Invoice #,Edit Invoice #
Edit Attribute Set '{$this->_getSetData()->getAttributeSetName()}',Edit Attribute Set '{$this->_getSetData()->getAttributeSetName()}'
All Products,All Products
Export CSV,Export CSV
Save And Resume,Save And Resume
View Newsletter,View Newsletter
To Date,To Date
Matching Products,Matching Products
The page you are trying to save no longer exists,The page you are trying to save no longer exists
Save Class,Save Class
Edit %s Tax Class,Edit %s Tax Class
User description,User description
Config,Config
Order Total,Order Total
Store,Store
"Please, select Customer Tax Class","Please, select Customer Tax Class"
Error while saving this set. Set with the same name already exists.,Error while saving this set. Set with the same name already exists.
Add New Role,Add New Role
Discount,Discount
Unsubscribe Selected,Unsubscribe Selected
Yes/No,Yes/No
Edit Email Template,Edit Email Template
Visible In,Visible In
Manage Blocks,Manage Blocks
New Tax Rule,New Tax Rule
This block no longer exists,This block no longer exists
Delete Attribute,Delete Attribute
Decimal,Decimal
Edit System Template,Edit System Template
Frontend Model,Frontend Model
Default Store,Default Store
Detailed Rating,Detailed Rating
Save And Continue Edit,Save And Continue Edit
Are you sure you want to do this?,Are you sure you want to do this?
Customer Tax Class,Customer Tax Class
Feature Products,Feature Products
New Review,New Review
Number of Uses,Number of Uses
Invalid Answer,Invalid Answer
Website Information,Website Information
Attribute set with the same name already exists.,Attribute set with the same name already exists.
Searchable,Searchable
Error while saving this role. Please try again later.,Error while saving this role. Please try again later.
Group was successfully deleted,Group was successfully deleted
Order was not changed,Order was not changed
Per Item,Per Item
Edit Product Attribute,Edit Product Attribute
System Properties,System Properties
County,County
General Information,General Information
ex. http://domain.com,ex. http://domain.com
Manage Catalog Categories,Manage Catalog Categories
Wishlist vs. Regular Order,Wishlist vs. Regular Order
New Template,New Template
Delete Website,Delete Website
All stores,All stores
Purchased On,Purchased On
Edit Order Status,Edit Order Status
Layout,Layout
Password Confirmation,Password Confirmation
Tag was successfully deleted,Tag was successfully deleted
Catalog Searches,Catalog Searches
To,To
Error while deleting this role. Please try again later.,Error while deleting this role. Please try again later.
Select All Stores,Select All Stores
Offline,Offline
Recently Viewed,Recently Viewed
Description,Description
Tax class was successfully deleted,Tax class was successfully deleted
Are you sure?,Are you sure?
Never,Never
Block Information,Block Information
Email,Email
Included Customer Groups,Included Customer Groups
Disable,Disable
Delete Class,Delete Class
Poll Information,Poll Information
Create Newsletter Template,Create Newsletter Template
Coupons,Coupons
Customer,Customer
Last Review,Last Review
Polls,Polls
Edit,Edit
Country,Country
Remove,Remove
Account successfully saved,Account successfully saved
Days in Wishlist,Days in Wishlist
Page was successfully saved,Page was successfully saved
Manage Product Sets,Manage Product Sets
Review Details,Review Details
Add New Rating,Add New Rating
for,for
You cannot update this attribute,You cannot update this attribute
Attribute Code,Attribute Code
Add New Set,Add New Set
Associated Products,Associated Products
Edit Newsletter Template,Edit Newsletter Template
There is already a customer registered using this email,There is already a customer registered using this email
Processed,Processed
Credit Card Type,Credit Card Type
Rating isn't Available,Rating isn't Available
"This tab contains invalid data. Please, solve the problem before saving.","This tab contains invalid data. Please, solve the problem before saving."
Remove Item,Remove
Subscribe to Newsletter,Subscribe to Newsletter
Are you sure that you want to delete this template?,Are you sure that you want to delete this template?
3 stars,3 stars
Order Date: %s,Order Date: %s
Number of times wishlists have been shared (emailed): %s,Number of times wishlists have been shared (emailed): %s
Double click on a group to rename it,Double click on a group to rename it
Total Due,Total Due
Gift Certificate,Gift Certificate
Assigned Answers,Assigned Answers
Fax,Fax
Magento Admin,Magento Admin
Newsletter Message Preview,Newsletter Message Preview
Name on the Card: %s,"<strong>Name on the Card:</strong> <span class=""nowrap"">%s</span>"
4 stars,4 stars
Company,Company
Invoice Date,Invoice Date
Visitors,Visitors
5 stars,5 stars
Choose Store,Choose Store
Import Tax Rates,Import Tax Rates
Attribute Name:,Attribute Name:
Product In Stores,Product In Stores
Option Title:,Option Title:
Order Status,Order Status
Shipping,Shipping
Unassigned Attributes,Unassigned Attributes
"Sorry, this feature is coming soon...","Sorry, this feature is coming soon..."
Option,Option
Add User to Role,Add User to Role
Invoice Status: %s,Invoice Status: %s
Magento Commerce - Administrative Panel,Magento Commerce - Administrative Panel
Fixed,Fixed
Name on the Card,Name on the Card
Move Item to:,Move to:
Same as Billing Address,Same as Billing Address
Are you sure you want to cancel adding of this address?,Are you sure you want to cancel adding of this address?
Interface Locale: %s,Interface Locale: %s
Apply Coupon Code,Apply Coupon Code
Invoice Date: %s,Invoice Date: %s
Expiration Date: %s,"<strong>Expiration Date:</strong> <span class=""nowrap"">%s</span>"
per page,per page
Add New Class,Add New Class
Super product attributes configuration,Super product attributes configuration
Magento ver. %s,Magento <strong>ver. %s</strong>
Who's Online,Who's Online
Previous page,Previous page
Something went wrong...,Something went wrong...
Lifetime Sales,Lifetime Sales
Default Billing Address,Default Billing Address
"Set root category for this store in the <a href=""%s"">configuration</a>","Set root category for this store in the <a href=""%s"">configuration</a>"
Set as Default Shipping Address,Set as Default Shipping Address
 and above., and above.
Logged in as %s,Logged in as <strong>%s</strong>
Failed,Failed
Are you sure that you want to delete this tag?,Are you sure that you want to delete this tag?
Option:,Option:
Customers that have wishlist: %s%,Customers that have wishlist: %s%
Are you sure you want to delete this address?,Are you sure you want to delete this address?
Percentage,Percentage
Log in to Admin Panel,<em>Log in</em> to Admin Panel
Thumbnail,Thumbnail
Please enter a new group name,Please enter a new group name
Backups Control,Backups Control
Add to Queue,Add to Queue
Number of items bought from a wishlist: %s,Number of items bought from a wishlist: %s
Newsletter Subscribers,Newsletter Subscribers
Set as Default Billing Address,Set as Default Billing Address
Are you sure you want to delete it?,Are you sure you want to delete it?
"We're in our typing table, coding away more features for Magento. Thank you for your patience.","We're in our typing table, coding away more features for Magento.<br/>Thank you for your patience."
User Name:,User Name:
Order Comment:,Order Comment:
Card Verification Number,Card Verification Number
&copy; Copyright 2007 Varien. Magento is a trademark of Irubin Consulting Inc,"&copy; Copyright 2007 <a href=""http://www.varien.com"" target=""varien-external"">Varien</a>. Magento is a trademark of Irubin Consulting Inc"
Default Shipping Address,Default Shipping Address
Customer Balance,Customer Balance
Current Configuration Scope:,Current Configuration Scope:
Please select one of each of the ratings above,Please select one of each of the ratings above
Log Out,Log Out
"Sorry, no quotes are available for this order at this time.","Sorry, no quotes are available for this order at this time."
Customer has no addresses,Customer has no addresses
Comment,Comment
Loading...,Loading...
Credit Memo Date: %s,Credit Memo Date: %s
Price:,Price:
Qty To Return,Qty To Return
New Customer Address,New Customer Address
Export to:,Export to:
Images,Images
Total Paid,Total Paid
Credit Card Number: %s,"<strong>Credit Card Number:</strong> <span class=""nowrap"">%s</span>"
Update Qty,Update Qty
Product Categories,Product Categories
City,City
Items Shipped,Items Shipped
Select from existing customer addresses:,Select from existing customer addresses:
Please confirm site switching. All data that hasn't been saved will be lost.,Please confirm site switching. All data that hasn't been saved will be lost.
Primary Billing Address,Primary Billing Address
Order History,Order History
Date and Time,Date and Time
Street Address,Street Address
Are you sure you want to delete this category?,Are you sure you want to delete this category?
User Roles,User Roles
Answer Title:,Answer Title:
Customer Group: %s,<strong>Customer Group:</strong> %s
Groups,Groups
Are you sure the you want to remove this item?,Are you sure the you want to remove this item?
Number of wishlist conversions: %s,Number of wishlist conversions: %s
Unable to complete request. Please try again later.,Unable to complete request. Please try again later.
Global Record Search,Global Record Search
Send Comment to the Customer,Send Comment to the Customer
Sort Order,Sort Order
Please select one or more attributes.,Please select one or more attributes.
Please add one or more options,Please add one or more options
Connect with the Magento Community,Connect with the Magento Community
Manage Options (values of your attribute),Manage Options (values of your attribute)
Add New Tax Rule,Add New Tax Rule
Are you sure you want to delete this user from this role?,Are you sure you want to delete this user from this role?
Help Us Keep Magento Healthy - Report All Bugs,"Help Us Keep Magento Healthy - <a href=""http://www.magentocommerce.com/bug-tracking"" target=""varien_external""><strong>Report All Bugs</strong</a>>"
Dashboard Control,Dashboard Control
Credit Card Number,Credit Card Number
Total %d records found,Total <strong>%d</strong> records found
Sales Statistics,Sales Statistics
Purchase Order Number,Purchase Order Number
Average Sale,Average Sale
Log into Magento Admin Page,Log into Magento Admin Page
Account Created in: %s,<strong>Account Created in:</strong> %s
Order Status: %s,Order Status: %s
Password:,Password:
Personal Information,Personal Information
Votes Count:,Votes Count:
Next page,Next page
(Copy data from: %s),(Copy data from: %s)
Export Tax Rates,Export Tax Rates
1 star,1 star
Items that you don't want to show in the catalog or search results should have status 'Disabled' in the desired store.,Items that you don't want to show in the catalog or search results should have status 'Disabled' in the desired store.
Add New Template,Add New Template
Change Order Status,Change Order Status
Credit Card Type: %s,"<strong>Credit Card Type:</strong> <span class=""nowrap"">%s</span>"
Add to Order,Add to Order
What is this?,What is this?
Invoice Status: Paid,Invoice Status: Paid
Customer Addresses,Customer Addresses
Purchase Order Number: %s,"<strong>Purchase Order Number:</strong> <span class=""nowrap"">%s</span>"
Expiration Date: %s/%s,Expiration Date: %s/%s
Expiration Date,Expiration Date
Last Log In: %s (%s),<strong>Last Log In:</strong> %s (<strong>%s</strong>)
Number of wishlists: %s,Number of wishlists: %s
Big Image,Big Image
Tax Rates Import / Export,Tax Rates Import / Export
Magento Logo,Magento Logo
A name is required,A name is required
images/logo.gif,images/logo.gif
Email Address,Email Address
Email Preview,Email Preview
If you do not specify an option value for a store then the default value will be used.,If you do not specify an option value for a store then the default value will be used.
of %s pages,of &nbsp;<strong>%s</strong>
Account Created on: %s,<strong>Account Created on:</strong> %s
Credit Card Number: xxxx-%s,"<strong>Credit Card Number:</strong> <span class=""nowrap"">xxxx-%s</span>"
Haven't been charged yet,Haven't been charged yet
Customer Notes,Customer Notes
Login,Login
Page,Page
Add New Address,Add New Address
Are you sure that you want to strip all tags?,Are you sure that you want to strip all tags?
Magento &trade; is a registered Trademark of Irubin Consulting Inc. DBA Varien. &copy; Copyright 2007.,"Magento &trade; is a registered Trademark of Irubin Consulting Inc. DBA <a href=""http://www.varien.com"" target=""varien_external"">Varien</a>. &copy; Copyright 2007."
Roles Resources,Roles Resources
"Manage Titles (Size, Color, etc.)","Manage Titles (Size, Color, etc.)"
Are you sure that you want to strip tags?,Are you sure that you want to strip tags?
Are you sure that you want to remove this item?,Are you sure that you want to remove this item?
You cannot remove system attribute from this set.,You cannot remove system attribute from this set.
This group contains system attributes. Please move system attributes to another group and try again.,This group contains system attributes. Please move system attributes to another group and try again.
The information in this tab has been changed.,The information in this tab has been changed.
Number of wishlist referrals: %s,Number of wishlist referrals: %s
Today is %s,%s
2 stars,2 stars
