Unable to post review. Please try again later.,Unable to post review. Please try again later.
Your review has been accepted for moderation,Your review has been accepted for moderation
Product Reviews,Product Reviews
Be the first to review this product,Be the first to review this product
Add to Compare,Add to Compare
My Product Reviews,My Product Reviews
Average Customer Rating,Average Customer Rating
1 star,1 star
Buy %s for %s,Buy %s for <strong>%s</strong>
Back,Back
Add Items to Cart,Add Items to Cart
Your Review (submitted on %s):,<strong>Your Review</strong> (submitted on %s):
You're reviewing: %s,"You're reviewing: <span class=""normal-weight"">%s</span>"
Back to My Reviews,Back to My Reviews
View All Reviews,View All Reviews
Product Rating:,Product Rating:
(Posted on %s),(Posted on %s)
Summary of Your Review,Summary of Your Review
Write Your Own Review,Write Your Own Review
4 stars,4 stars
%d Review(s),%d Review(s)
Your Rating:,Your Rating:
My Recent Reviews,My Recent Reviews
Availability: Out of stock.,Availability: Out of stock.
How do you rate this product?,How do you rate this product?
Nickname,Nickname
Availability: In stock. Ships within 24hours.,Availability: In stock. Ships within 24hours.
Review by %s,by <em>%s</em>
Average Customer Rating:,Average Customer Rating:
Rating:,Rating:
Add to Cart,Add to Cart
(%s Reviews),(%s Reviews)
Please select one of each of the ratings above,Please select one of each of the ratings above
Review,Review
5 stars,5 stars
Customer Reviews,Customer Reviews
Review Details,Review Details
Add to Wishlist,Add to Wishlist
View Details,View Details
Product Review (submitted on %s):,<strong>Product Review</strong> (submitted on %s):
You have submitted no reviews.,You have submitted no reviews.
Back to Product Reviews,Back to Product Reviews
Qty,Qty
Submit Review,Submit Review
3 stars,3 stars
Back to Main Product Info,Back to Main Product Info
Add Your Review,Add Your Review
OR,OR
2 stars,2 stars
